,wordID,target,oracion,meaningID,contextID,Contexto,combinationID,significado
0,0,raya,Daniel observó la raya fijamente durante varios segundos.,1,3,"La tilde diacrítica es la que permite distinguir palabras que se escriben igual, pero que tienen significados distintos y presentan diferente pronunciación.",3100,"[('mantarraya', 70), ('animal', 49), ('pez', 46), ('marino', 46), ('mar', 28), ('tiburón', 7), ('peligro', 7), ('negro', 2)]"
1,0,raya,Daniel observó la raya fijamente durante varios segundos.,1,1,"El mar, vasto e inexplorado, es hogar de una amplia gama de vida marina. El estudio de la biología marina desentraña los misterios de las especies que habitan en sus profundidades, revelando la asombrosa diversidad y complejidad de los ecosistemas oceánicos.",1100,"[('mantarraya', 70), ('animal', 49), ('pez', 46), ('marino', 46), ('mar', 28), ('tiburón', 7), ('peligro', 7), ('negro', 2)]"
2,0,raya,Daniel observó la raya fijamente durante varios segundos.,2,3,"La tilde diacrítica es la que permite distinguir palabras que se escriben igual, pero que tienen significados distintos y presentan diferente pronunciación.",3200,"[('línea', 69), ('recta', 48), ('lapiz', 43), ('dibujo', 43), ('geométrica', 10), ('curvo', 2), ('palo', 1), ('lado', 0)]"
3,0,raya,Daniel observó la raya fijamente durante varios segundos.,2,2,"Las líneas son elementos básicos en el diseño y la creatividad. Desde las rectas y curvas simples hasta las líneas complejas y abstractas, pueden transmitir una amplia gama de emociones y significados. ",2200,"[('línea', 69), ('recta', 48), ('lapiz', 43), ('dibujo', 43), ('geométrica', 10), ('curvo', 2), ('palo', 1), ('lado', 0)]"
4,1,llama,A lo lejos pudo ver la llama moviéndose suavemente.,1,3,"La inflación es el aumento generalizado y sostenido de los precios existentes en el mercado durante un determinado período de tiempo. Cuando el nivel general de precios sube, con cada unidad de moneda se adquieren menos bienes y servicios.",3101,"[('animal', 50), ('camélido', 41), ('norte', 36), ('mamífero', 27), ('andino', 26), ('cuadrupedo', 14), ('pelos', 3), ('doméstico', 1)]"
5,1,llama,A lo lejos pudo ver la llama moviéndose suavemente.,1,1,"La puna argentina, con su altiplano y clima inhóspito, alberga una rica biodiversidad y valiosos recursos naturales. Sin embargo, la explotación de estos recursos plantea desafíos ambientales y sociales en esta región única y frágil.",1101,"[('animal', 50), ('camélido', 41), ('norte', 36), ('mamífero', 27), ('andino', 26), ('cuadrupedo', 14), ('pelos', 3), ('doméstico', 1)]"
6,1,llama,A lo lejos pudo ver la llama moviéndose suavemente.,2,3,"La inflación es el aumento generalizado y sostenido de los precios existentes en el mercado durante un determinado período de tiempo. Cuando el nivel general de precios sube, con cada unidad de moneda se adquieren menos bienes y servicios.",3201,"[('fuego', 81), ('combustión', 50), ('calor', 35), ('mechero', 32), ('incendio', 22), ('parrilla', 13), ('vela', 11), ('cocinar', 11)]"
7,1,llama,A lo lejos pudo ver la llama moviéndose suavemente.,2,2,"La combustión es una reacción química exotérmica en la que una sustancia reacciona con un oxidante para producir calor y otros productos químicos. La mayoría de las veces, el oxidante es el oxígeno del aire y la sustancia combustible es un hidrocarburo.",2201,"[('fuego', 81), ('combustión', 50), ('calor', 35), ('mechero', 32), ('incendio', 22), ('parrilla', 13), ('vela', 11), ('cocinar', 11)]"
8,2,salamandra,Paula le tenía mucho aprecio a la salamandra que le habían regalado.,1,3,"LEGO, es una empresa danesa, cuyo producto más conocido son los bloques de construcción. También cuenta una línea de productos preescolares y una línea de juguetes de robótica, entre otros. Además presta su marca a la cadena de parques temáticos Legoland.",3102,"[('reptil', 65), ('animal', 62), ('lagartija', 52), ('lagarto', 19), ('iguana', 17), ('anfibio', 17), ('vertebrado', 16), ('camaleón', 4)]"
9,2,salamandra,Paula le tenía mucho aprecio a la salamandra que le habían regalado.,1,1,"Los pequeños anfibios son criaturas fascinantes que habitan en todo el mundo. A pesar de su pequeño tamaño, juegan un papel importante en el equilibrio ecológico y la biodiversidad.",1102,"[('reptil', 65), ('animal', 62), ('lagartija', 52), ('lagarto', 19), ('iguana', 17), ('anfibio', 17), ('vertebrado', 16), ('camaleón', 4)]"
10,2,salamandra,Paula le tenía mucho aprecio a la salamandra que le habían regalado.,2,3,"LEGO, es una empresa danesa, cuyo producto más conocido son los bloques de construcción. También cuenta una línea de productos preescolares y una línea de juguetes de robótica, entre otros. Además presta su marca a la cadena de parques temáticos Legoland.",3202,"[('calefacción', 81), ('estufa', 74), ('calor', 68), ('llamas', 18), ('hierro', 18), ('madera', 13), ('humo', 8), ('carbon', 5)]"
11,2,salamandra,Paula le tenía mucho aprecio a la salamandra que le habían regalado.,2,2,"La cabaña se erguía solitaria en la montaña, cubierta por un manto de nieve. El humo salía de la chimenea, prometiendo calidez y confort en aquel invierno implacable. Un refugio perfecto para los amantes del frío.",2202,"[('calefacción', 81), ('estufa', 74), ('calor', 68), ('llamas', 18), ('hierro', 18), ('madera', 13), ('humo', 8), ('carbon', 5)]"
12,3,muñeca,Carla estaba agarrando su muñeca fuertemente cuando la llamaron.,1,3,"Los Beatles, fue una banda de rock británica formada en Liverpool durante los años 1960, estando integrada desde 1962 a su separación en 1970 por John Lennon, Paul McCartney, George Harrison y Ringo Starr.",3103,"[('mano', 68), ('articulación', 62), ('brazo', 46), ('cuerpo', 34), ('pulsera', 12), ('persona', 12), ('reloj', 3), ('piel', 0)]"
13,3,muñeca,Carla estaba agarrando su muñeca fuertemente cuando la llamaron.,1,1,"La anatomía es una de las ciencias fundamentales de la medicina. Con sus técnicas de disección y análisis, permite comprender la complejidad de los organismos y sistemas, y es esencial para el diagnóstico y tratamiento de enfermedades.",1103,"[('mano', 68), ('articulación', 62), ('brazo', 46), ('cuerpo', 34), ('pulsera', 12), ('persona', 12), ('reloj', 3), ('piel', 0)]"
14,3,muñeca,Carla estaba agarrando su muñeca fuertemente cuando la llamaron.,2,3,"Los Beatles, fue una banda de rock británica formada en Liverpool durante los años 1960, estando integrada desde 1962 a su separación en 1970 por John Lennon, Paul McCartney, George Harrison y Ringo Starr.",3203,"[('juguete', 68), ('infancia', 57), ('juego', 33), ('entretenimiento', 31), ('niña', 30), ('trapo', 10), ('vestido', 6), ('niño', 2)]"
15,3,muñeca,Carla estaba agarrando su muñeca fuertemente cuando la llamaron.,2,2,"El niño abrió su regalo con emoción y encontró exactamente lo que había deseado para Navidad. Sus ojos se iluminaron con felicidad y su sonrisa se extendió de oreja a oreja, sabiendo que su sueño se había hecho realidad.",2203,"[('juguete', 68), ('infancia', 57), ('juego', 33), ('entretenimiento', 31), ('niña', 30), ('trapo', 10), ('vestido', 6), ('niño', 2)]"
16,4,palma,Enzo movió la palma muy rápido para evitar que hiciera ruido.,1,3,El 11 de noviembre de 1951 las mujeres argentinas pudieron ejercer por primera vez a nivel nacional su derecho al voto y a ser elegidas representantes. ,3104,"[('mano', 63), ('dedos', 46), ('aplauso', 31), ('falanges', 19), ('piel', 13), ('cuerpo', 11), ('apretón', 5), ('brazo', 4)]"
17,4,palma,Enzo movió la palma muy rápido para evitar que hiciera ruido.,1,1,La mano es una parte esencial de nuestro organismo. Nos permite interactuar con el mundo que nos rodea. Sus componentes trabajan juntos para proporcionar destreza y precisión en las tareas cotidianas.,1104,"[('mano', 63), ('dedos', 46), ('aplauso', 31), ('falanges', 19), ('piel', 13), ('cuerpo', 11), ('apretón', 5), ('brazo', 4)]"
18,4,palma,Enzo movió la palma muy rápido para evitar que hiciera ruido.,2,3,El 11 de noviembre de 1951 las mujeres argentinas pudieron ejercer por primera vez a nivel nacional su derecho al voto y a ser elegidas representantes. ,3204,"[('palmera', 78), ('tropical', 65), ('caribe', 34), ('vegetal', 22), ('aceite', 14), ('verde', 13), ('fruto', 13), ('verdura', 1)]"
19,4,palma,Enzo movió la palma muy rápido para evitar que hiciera ruido.,2,2,La playa caribeña se presenta como un paraíso tropical con aguas cristalinas de tonos turquesa y arenas blancas como el azúcar. Los hermosos corales y una exuberante variedad de plantas completan el escenario de este paraíso tropical.,2204,"[('palmera', 78), ('tropical', 65), ('caribe', 34), ('vegetal', 22), ('aceite', 14), ('verde', 13), ('fruto', 13), ('verdura', 1)]"
20,5,peso,Al llegar a destino notaron que el peso había bajado fuertemente.,1,3,"El AK-47 es un fusil de asalto soviético. Fue el fusil oficial de la Unión Soviética en la década del 60. En diciembre de 2007, llegó a ser el arma de fuego de mayor producción de la historia, con cerca de 80 millones de unidades manufacturadas.",3105,"[('moneda', 67), ('dinero', 62), ('plata', 49), ('billete', 27), ('economía', 18), ('valor', 15), ('cambio', 7), ('dólar', 1)]"
21,5,peso,Al llegar a destino notaron que el peso había bajado fuertemente.,1,1,"A pesar de los esfuerzos para estabilizar a nuestro país, la pandemia de COVID-19 ha agravado la situación y ha llevado a una caída en la actividad y un aumento del desempleo y la pobreza.",1105,"[('moneda', 67), ('dinero', 62), ('plata', 49), ('billete', 27), ('economía', 18), ('valor', 15), ('cambio', 7), ('dólar', 1)]"
22,5,peso,Al llegar a destino notaron que el peso había bajado fuertemente.,2,3,"El AK-47 es un fusil de asalto soviético. Fue el fusil oficial de la Unión Soviética en la década del 60. En diciembre de 2007, llegó a ser el arma de fuego de mayor producción de la historia, con cerca de 80 millones de unidades manufacturadas.",3205,"[('balanza', 54), ('kilo', 52), ('pesado', 45), ('gramos', 29), ('medida', 28), ('masa', 20), ('gravedad', 5), ('newton', 1)]"
23,5,peso,Al llegar a destino notaron que el peso había bajado fuertemente.,2,2,"La microgravedad crea un ambiente de ingravidez donde los objetos flotan libremente, desafiando las leyes de la gravedad terrestre. Los astronautas experimentan una sensación única, moviéndose con gracia y libertad en un entorno que desafía nuestra comprensión de cómo funcionan las fuerzas en la Tierra.",2205,"[('balanza', 54), ('kilo', 52), ('pesado', 45), ('gramos', 29), ('medida', 28), ('masa', 20), ('gravedad', 5), ('newton', 1)]"
24,6,banco,A Lara le gustaba ese banco porque le traía buenos recuerdos.,1,3,"Mientras observaba detenidamente, pude ver cómo esa persona sujetaba la manzana con delicadeza. Con cada mordisco, se podía apreciar su satisfacción en cada expresión facial y el sonido crujiente que llenaba el aire. Cada bocado era un placer, una danza de sabores en su boca.",3106,"[('dinero', 43), ('cajero', 37), ('préstamo', 22), ('crédito', 19), ('cheque', 16), ('pesos', 10), ('dólar', 6), ('débito', 6)]"
25,6,banco,A Lara le gustaba ese banco porque le traía buenos recuerdos.,1,1,"El sistema financiero es un conjunto de instituciones, regulaciones y herramientas que permiten el intercambio de dinero y otros activos entre individuos, empresas y gobiernos. Su función es facilitar el flujo de capital.",1106,"[('dinero', 43), ('cajero', 37), ('préstamo', 22), ('crédito', 19), ('cheque', 16), ('pesos', 10), ('dólar', 6), ('débito', 6)]"
26,6,banco,A Lara le gustaba ese banco porque le traía buenos recuerdos.,2,3,"Mientras observaba detenidamente, pude ver cómo esa persona sujetaba la manzana con delicadeza. Con cada mordisco, se podía apreciar su satisfacción en cada expresión facial y el sonido crujiente que llenaba el aire. Cada bocado era un placer, una danza de sabores en su boca.",3206,"[('asiento', 75), ('silla', 55), ('sentarse', 55), ('plaza', 29), ('parque', 15), ('escritorio', 9), ('escuela', 7), ('exteriores', 4)]"
27,6,banco,A Lara le gustaba ese banco porque le traía buenos recuerdos.,2,2,"Una plaza es un espacio público al aire libre destinado al ocio, la recreación y el encuentro social. Pueden tener diferentes diseños, como jardines, estatuas, fuentes, etc. Son lugares donde las personas pueden relajarse, hacer ejercicio, jugar y disfrutar de la naturaleza. También son utilizadas para eventos culturales y políticos.",2206,"[('asiento', 75), ('silla', 55), ('sentarse', 55), ('plaza', 29), ('parque', 15), ('escritorio', 9), ('escuela', 7), ('exteriores', 4)]"
28,7,tarjeta,Miguel le dió la tarjeta en la mano a Elena.,1,3,"El cemento es un conglomerante formado a partir de una mezcla de caliza y arcilla calcinadas y posteriormente molidas, que tiene la propiedad de endurecerse después de ponerse en contacto con el agua. ",3107,"[('crédito', 61), ('dinero', 49), ('pago', 46), ('débito', 20), ('pesos', 12), ('préstamo', 11), ('dólar', 2), ('acciones', 0)]"
29,7,tarjeta,Miguel le dió la tarjeta en la mano a Elena.,1,1,"Los métodos de pago son las diversas opciones que se utilizan para realizar transacciones financieras. Existen varios tipos, y cada uno tiene sus ventajas y desventajas en términos de seguridad, rapidez, costos y comodidad. ",1107,"[('crédito', 61), ('dinero', 49), ('pago', 46), ('débito', 20), ('pesos', 12), ('préstamo', 11), ('dólar', 2), ('acciones', 0)]"
30,7,tarjeta,Miguel le dió la tarjeta en la mano a Elena.,2,3,"El cemento es un conglomerante formado a partir de una mezcla de caliza y arcilla calcinadas y posteriormente molidas, que tiene la propiedad de endurecerse después de ponerse en contacto con el agua. ",3207,"[('saludo', 40), ('carta', 40), ('felicitación', 37), ('regalo', 33), ('papel', 29), ('invitación', 13), ('información', 9), ('dirigida', 6)]"
31,7,tarjeta,Miguel le dió la tarjeta en la mano a Elena.,2,2,"El cumpleaños es la celebración anual del día en que una persona nació. Tradicionalmente, se celebra con amigos y familiares, regalos, pastel y decoraciones festivas. Es una oportunidad para reflexionar sobre el año que pasó y para expresar buenos deseos para el futuro.",2207,"[('saludo', 40), ('carta', 40), ('felicitación', 37), ('regalo', 33), ('papel', 29), ('invitación', 13), ('información', 9), ('dirigida', 6)]"
32,8,granada,Al caer al suelo la granada se abrió y dejó caer lo que había en su interior.,1,3,"El televisor, más coloquialmente tele​ o TV, es un aparato electrónico destinado a la recepción y reproducción de señales de televisión. Usualmente consta de una pantalla y mandos o controles. ",3108,"[('fruta', 64), ('rojo', 38), ('semillas', 35), ('tropical', 34), ('granadina', 26), ('dulce', 22), ('caribe', 4), ('mango', 2)]"
33,8,granada,Al caer al suelo la granada se abrió y dejó caer lo que había en su interior.,1,1,"Con ansias, probó ese jugoso y exótico producto. Sus sentidos se deleitaron con su sabor dulce y tropical. Una nueva experiencia gastronómica que lo transportó a tierras lejanas en cada bocado.",1108,"[('fruta', 64), ('rojo', 38), ('semillas', 35), ('tropical', 34), ('granadina', 26), ('dulce', 22), ('caribe', 4), ('mango', 2)]"
34,8,granada,Al caer al suelo la granada se abrió y dejó caer lo que había en su interior.,2,3,"El televisor, más coloquialmente tele​ o TV, es un aparato electrónico destinado a la recepción y reproducción de señales de televisión. Usualmente consta de una pantalla y mandos o controles. ",3208,"[('guerra', 52), ('armas', 48), ('armamento', 38), ('ataque', 28), ('militar', 27), ('destrucción', 26), ('violencia', 20), ('solados', 10)]"
35,8,granada,Al caer al suelo la granada se abrió y dejó caer lo que había en su interior.,2,2,"Las armas de guerra son diseñadas para causar daño y destrucción en conflictos militares. A pesar de que pueden ser utilizadas para proteger a un país, también pueden ser la causa de grandes tragedias y su uso debe ser cuidadosamente regulado.",2208,"[('guerra', 52), ('armas', 48), ('armamento', 38), ('ataque', 28), ('militar', 27), ('destrucción', 26), ('violencia', 20), ('solados', 10)]"
36,9,lima,Ana se acordó de comprar la lima de camino a su casa.,1,3,"Hamlet es una tragedia del dramaturgo inglés William Shakespeare.​ El año concreto en que fue escrita sigue aún en disputa, cuestión que se complica porque se han conservado a la época actual tres versiones tempranas de la misma.",3109,"[('cítrico', 54), ('fruta', 39), ('ácido', 35), ('limón', 30), ('caipirinha', 13), ('tragos', 11), ('limónero', 6), ('mandarina', 1)]"
37,9,lima,Ana se acordó de comprar la lima de camino a su casa.,1,1,"Refrescantes y nutritivos, los jugos exprimidos son una deliciosa manera de obtener vitaminas y minerales esenciales. Sus beneficios para la salud incluyen hidratación, aporte de antioxidantes y fortalecimiento del sistema inmunológico.",1109,"[('cítrico', 54), ('fruta', 39), ('ácido', 35), ('limón', 30), ('caipirinha', 13), ('tragos', 11), ('limónero', 6), ('mandarina', 1)]"
38,9,lima,Ana se acordó de comprar la lima de camino a su casa.,2,3,"Hamlet es una tragedia del dramaturgo inglés William Shakespeare.​ El año concreto en que fue escrita sigue aún en disputa, cuestión que se complica porque se han conservado a la época actual tres versiones tempranas de la misma.",3209,"[('herramienta', 81), ('limar', 73), ('lija', 48), ('metal', 41), ('taller', 23), ('técnico', 3), ('corte', 3), ('mecanico', 1)]"
39,9,lima,Ana se acordó de comprar la lima de camino a su casa.,2,2,"El carpintero, con su delantal lleno de aserrín, se esforzaba por completar su trabajo. Con martillo en mano y ojos enfocados en los detalles, no descansaría hasta que cada pieza encajara perfectamente en su lugar, orgulloso de su habilidad y dedicación.",2209,"[('herramienta', 81), ('limar', 73), ('lija', 48), ('metal', 41), ('taller', 23), ('técnico', 3), ('corte', 3), ('mecanico', 1)]"
40,10,mango,Carlos tuvo que ir a comprar un mango a último momento.,1,3,"Lionel Andrés Messi es un deportista argentino que juega como delantero o centrocampista. Jugador histórico del Barcelona, al que estuvo ligado veinte años, integra el plantel del PSG de Francia desde 2021. Es también internacional con la selección de Argentina, equipo del que es capitán.",3110,"[('fruta', 80), ('tropical', 70), ('jugoso', 36), ('pulpa', 27), ('caribe', 22), ('árbol', 6), ('semillas', 3), ('cáscara', 2)]"
41,10,mango,Carlos tuvo que ir a comprar un mango a último momento.,1,1,"La combinación de salsas dulces en preparaciones saladas agrega una explosión de sabores contrastantes y deliciosos. Las salsas dulces pueden realzar el sabor de carnes, verduras y otros platos salados, aportando dulzor que equilibra los sabores y añade un toque de originalidad a las comidas.",1110,"[('fruta', 80), ('tropical', 70), ('jugoso', 36), ('pulpa', 27), ('caribe', 22), ('árbol', 6), ('semillas', 3), ('cáscara', 2)]"
42,10,mango,Carlos tuvo que ir a comprar un mango a último momento.,2,3,"Lionel Andrés Messi es un deportista argentino que juega como delantero o centrocampista. Jugador histórico del Barcelona, al que estuvo ligado veinte años, integra el plantel del PSG de Francia desde 2021. Es también internacional con la selección de Argentina, equipo del que es capitán.",3210,"[('manija', 62), ('sartén', 50), ('herramientas', 43), ('madera', 39), ('martillo', 28), ('hacha', 16), ('taller', 8), ('lima', 0)]"
43,10,mango,Carlos tuvo que ir a comprar un mango a último momento.,2,2,"El cuchillo era una joya en manos de Nicolás. Con su filo cuidado y elegante empuñadura, contaba una historia de habilidad artesanal y pasión por el diseño. Era su compañero fiel en cada aventura culinaria, llenando su cocina de destreza y estilo.",2210,"[('manija', 62), ('sartén', 50), ('herramientas', 43), ('madera', 39), ('martillo', 28), ('hacha', 16), ('taller', 8), ('lima', 0)]"
44,11,copa,Inés agarró la copa mientras el resto la miraban felizmente.,1,3,"La facultad de presentar proyectos de ley corresponde a los diputados, senadores y al presidente de la Nación. La última reforma constitucional incorporó también la figura de iniciativa popular, que permite a los ciudadanos presentar proyectos de ley ante la Cámara de Diputados, siempre que cumplan con los requisitos que determina la ley. ",3111,"[('trofeo', 48), ('premio', 37), ('campeón', 34), ('triunfo', 29), ('ganador', 17), ('torneo', 12), ('campeonato', 10), ('oro', 8)]"
45,11,copa,Inés agarró la copa mientras el resto la miraban felizmente.,1,1,"Los campeones son aquellos que destacan en una competencia o actividad. Son personas que se esfuerzan, trabajan duro y tienen una mentalidad ganadora. Los campeones inspiran y motivan a otros a seguir sus pasos y a luchar por sus metas y sueños. ",1111,"[('trofeo', 48), ('premio', 37), ('campeón', 34), ('triunfo', 29), ('ganador', 17), ('torneo', 12), ('campeonato', 10), ('oro', 8)]"
46,11,copa,Inés agarró la copa mientras el resto la miraban felizmente.,2,3,"La facultad de presentar proyectos de ley corresponde a los diputados, senadores y al presidente de la Nación. La última reforma constitucional incorporó también la figura de iniciativa popular, que permite a los ciudadanos presentar proyectos de ley ante la Cámara de Diputados, siempre que cumplan con los requisitos que determina la ley. ",3211,"[('vaso', 61), ('bebida', 61), ('cristal', 57), ('vino', 33), ('fiesta', 21), ('champagne', 12), ('borracho', 2), ('alcohólico', 2)]"
47,11,copa,Inés agarró la copa mientras el resto la miraban felizmente.,2,2,"La vajilla es un conjunto de utensilios que se utilizan para comer y servir alimentos. Puede ser de diversos materiales como vidrio, cerámica, porcelana, acero inoxidable o plástico.",2211,"[('vaso', 61), ('bebida', 61), ('cristal', 57), ('vino', 33), ('fiesta', 21), ('champagne', 12), ('borracho', 2), ('alcohólico', 2)]"
48,12,arco,A medida que avanzaba iba viendo cómo el arco se hacía más grande.,1,3,"El cuartel de policía se erguía imponente en el centro de la ciudad, con sus altos muros de ladrillo y las ventanas vigilantes. Dentro, se palpaba la tensión en el aire mientras los agentes se preparaban para enfrentar la oscuridad y proteger a la comunidad.",3112,"[('arquero', 44), ('fútbol', 36), ('gol', 33), ('portería', 28), ('deporte', 27), ('red', 12), ('meta', 6), ('hockey', 3)]"
49,12,arco,A medida que avanzaba iba viendo cómo el arco se hacía más grande.,1,1,"Con el corazón en la boca, Irene observa con los ojos clavados en la pantalla la definición  de la final del Mundial. La tensión se corta con un grito de alegría cuando Argentina convierte y se lleva la victoria en un emocionante desenlace.",1112,"[('arquero', 44), ('fútbol', 36), ('gol', 33), ('portería', 28), ('deporte', 27), ('red', 12), ('meta', 6), ('hockey', 3)]"
50,12,arco,A medida que avanzaba iba viendo cómo el arco se hacía más grande.,2,3,"El cuartel de policía se erguía imponente en el centro de la ciudad, con sus altos muros de ladrillo y las ventanas vigilantes. Dentro, se palpaba la tensión en el aire mientras los agentes se preparaban para enfrentar la oscuridad y proteger a la comunidad.",3212,"[('abertura', 57), ('arquitectura', 54), ('construcción', 52), ('curva', 37), ('triunfo', 26), ('puerta', 20), ('abierto', 16), ('pared', 8)]"
51,12,arco,A medida que avanzaba iba viendo cómo el arco se hacía más grande.,2,2,"Al llegar a París, el viajero ansioso desplegó su mapa de la ciudad y trazó un itinerario para visitar los principales atractivos turísticos. Con emoción, comenzó su recorrido, cautivado por la belleza y la historia de la Ciudad Luz.",2212,"[('abertura', 57), ('arquitectura', 54), ('construcción', 52), ('curva', 37), ('triunfo', 26), ('puerta', 20), ('abierto', 16), ('pared', 8)]"
52,13,penal,Cuando a José le tocó el momento del penal se lo notaba nervioso.,1,3,"Una camiseta es una prenda de ropa de abrigo por lo general de mangas cortas, cuello redondo o en forma de ""V"". Existen diversos diseños, que varían algunas de sus características básicas",3113,"[('fútbol', 79), ('gol', 71), ('deporte', 65), ('punto', 20), ('corner', 10), ('barrera', 7), ('hockey', 0), ('handbol', 0)]"
53,13,penal,Cuando a José le tocó el momento del penal se lo notaba nervioso.,1,1,"Cuando un jugador le comete una infracción a otro esto puede resultar en una sanción con amarilla o roja. Las faltas más comunes son empujar, sujetar, cargar, golpear o patear a un jugador contrario. ",1113,"[('fútbol', 79), ('gol', 71), ('deporte', 65), ('punto', 20), ('corner', 10), ('barrera', 7), ('hockey', 0), ('handbol', 0)]"
54,13,penal,Cuando a José le tocó el momento del penal se lo notaba nervioso.,2,3,"Una camiseta es una prenda de ropa de abrigo por lo general de mangas cortas, cuello redondo o en forma de ""V"". Existen diversos diseños, que varían algunas de sus características básicas",3213,"[('cárcel', 55), ('prisión', 50), ('condena', 42), ('delito', 24), ('juicio', 20), ('abogados', 18), ('criminal', 16), ('crimen', 12)]"
55,13,penal,Cuando a José le tocó el momento del penal se lo notaba nervioso.,2,2,"Los juicios orales son dinámicos y cautivadores. Los abogados argumentan apasionadamente, mientras los jueces escuchan atentamente. El ambiente es tenso, con testimonios impactantes y la resolución inminente.",2213,"[('cárcel', 55), ('prisión', 50), ('condena', 42), ('delito', 24), ('juicio', 20), ('abogados', 18), ('criminal', 16), ('crimen', 12)]"
56,14,pico,Al ver el pico tan cerca le pareció más grande de lo que esperaba.,1,3,"La fotosíntesis es el proceso químico que se produce en las plantas, las algas y algunos tipos de bacterias cuando se exponen a la luz del sol.",3114,"[('cima', 58), ('montaña', 56), ('cumbre', 52), ('altura', 44), ('monte', 6), ('rocas', 3), ('piedras', 3), ('naturaleza', 3)]"
57,14,pico,Al ver el pico tan cerca le pareció más grande de lo que esperaba.,1,1,"La punta de una montaña es el punto más alto de una elevación natural del terreno. A menudo, alcanzar la cima de una montaña es un desafío para los alpinistas y excursionistas que buscan la sensación de logro y la impresionante vista panorámica desde la cima.",1114,"[('cima', 58), ('montaña', 56), ('cumbre', 52), ('altura', 44), ('monte', 6), ('rocas', 3), ('piedras', 3), ('naturaleza', 3)]"
58,14,pico,Al ver el pico tan cerca le pareció más grande de lo que esperaba.,2,3,"La fotosíntesis es el proceso químico que se produce en las plantas, las algas y algunos tipos de bacterias cuando se exponen a la luz del sol.",3214,"[('herramientas', 78), ('picar', 73), ('golpear', 58), ('martillo', 27), ('hacha', 8), ('pinza', 5), ('taller', 4), ('lima', 2)]"
59,14,pico,Al ver el pico tan cerca le pareció más grande de lo que esperaba.,2,2,"Los mineros a principios del siglo XX trabajaban en condiciones difíciles, enfrentando peligros como la falta de ventilación, la exposición a sustancias tóxicas y el riesgo de derrumbes.",2214,"[('herramientas', 78), ('picar', 73), ('golpear', 58), ('martillo', 27), ('hacha', 8), ('pinza', 5), ('taller', 4), ('lima', 2)]"
60,15,cabo,No había quedado nadie alrededor del cabo cuando cayó el atardecer.,1,3,"Las leyes de Newton, también conocidas como leyes del movimiento de Newton, ​ son tres principios a partir de los cuales se explican una gran parte de los problemas planteados en mecánica clásica.",3115,"[('costa', 46), ('mar', 36), ('playa', 26), ('bahía', 22), ('península', 17), ('golfo', 17), ('faro', 9), ('acantilado', 7)]"
61,15,cabo,No había quedado nadie alrededor del cabo cuando cayó el atardecer.,1,1,"Las formaciones geológicas en las costas marinas son variadas y fascinantes. Entre ellas, destacan los acantilados, las grutas y las playas. Estas formaciones son el resultado de la acción constante del mar y los elementos naturales a lo largo de millones de años.",1115,"[('costa', 46), ('mar', 36), ('playa', 26), ('bahía', 22), ('península', 17), ('golfo', 17), ('faro', 9), ('acantilado', 7)]"
62,15,cabo,No había quedado nadie alrededor del cabo cuando cayó el atardecer.,2,3,"Las leyes de Newton, también conocidas como leyes del movimiento de Newton, ​ son tres principios a partir de los cuales se explican una gran parte de los problemas planteados en mecánica clásica.",3215,"[('militar', 88), ('soldado', 69), ('tropa', 50), ('infantería', 34), ('sargento', 17), ('coronel', 14), ('teniente', 12), ('comandante', 10)]"
63,15,cabo,No había quedado nadie alrededor del cabo cuando cayó el atardecer.,2,2,"El sargento se presentó ante su superior, con voz firme y seria, para denunciar el hecho que había presenciado en su ronda. La tensión en la sala era palpable mientras explicaba los detalles de lo ocurrido, esperando una acción rápida y justa por parte de su jefe.",2215,"[('militar', 88), ('soldado', 69), ('tropa', 50), ('infantería', 34), ('sargento', 17), ('coronel', 14), ('teniente', 12), ('comandante', 10)]"
64,16,sierra,"Hacía mucho tiempo que tenía a esa sierra en mente, era su objetivo.",1,3,"El peroné es una estructura formada por tejido óseo, que tiene como características anatómicas ser prolongado y estrecho. Este hueso está ubicado entre la rodilla y el tobillo, y se conecta con la tibia y con el astrágalo para formar distintas articulaciones.",3116,"[('montaña', 46), ('monte', 40), ('naturaleza', 36), ('cumbre', 36), ('rocas', 23), ('cordillera', 20), ('cima', 10), ('nevada', 2)]"
65,16,sierra,"Hacía mucho tiempo que tenía a esa sierra en mente, era su objetivo.",1,1,"En geología, una elevación de terreno con una cresta angosta y larga es comúnmente encontrada en zonas montañosas. Esta forma geológica se caracteriza por su altura, pendiente empinada y cresta afilada, a menudo siendo resultado de procesos tectónicos.",1116,"[('montaña', 46), ('monte', 40), ('naturaleza', 36), ('cumbre', 36), ('rocas', 23), ('cordillera', 20), ('cima', 10), ('nevada', 2)]"
66,16,sierra,"Hacía mucho tiempo que tenía a esa sierra en mente, era su objetivo.",2,3,"El peroné es una estructura formada por tejido óseo, que tiene como características anatómicas ser prolongado y estrecho. Este hueso está ubicado entre la rodilla y el tobillo, y se conecta con la tibia y con el astrágalo para formar distintas articulaciones.",3216,"[('herramienta', 76), ('serrucho', 70), ('taller', 36), ('madera', 27), ('metal', 25), ('lija', 3), ('latón', 2), ('mecanico', 1)]"
67,16,sierra,"Hacía mucho tiempo que tenía a esa sierra en mente, era su objetivo.",2,2,"El olor a madera fresca impregnaba el aire en la carpintería recién inaugurada. El ruido de los martillos resonaba en el taller mientras los carpinteros daban vida a sus creaciones. La emoción era palpable en el ambiente, con la promesa de proyectos emocionantes y clientes satisfechos en el horizonte.",2216,"[('herramienta', 76), ('serrucho', 70), ('taller', 36), ('madera', 27), ('metal', 25), ('lija', 3), ('latón', 2), ('mecanico', 1)]"
68,17,cólera,El período de cólera tuvo graves consecuencias para Darío.,1,3,"El martillo es utilizado para golpear directamente o indirectamente​ una pieza, causando su desplazamiento. Su uso más común suele ser para clavar, calzar partes, o romper una pieza. ",3117,"[('enfermedad', 65), ('infección', 38), ('bacteria', 34), ('virus', 29), ('medicina', 28), ('diarrea', 27), ('heces', 7), ('fallo', 6)]"
69,17,cólera,El período de cólera tuvo graves consecuencias para Darío.,1,1,"Existen diversas enfermedades causadas por bacterias que afectan al ser humano, como la neumonía, la tuberculosis, la meningitis y la salmonelosis, entre otras. Estas enfermedades pueden ser tratadas con antibióticos, pero es importante tomar medidas preventivas.",1117,"[('enfermedad', 65), ('infección', 38), ('bacteria', 34), ('virus', 29), ('medicina', 28), ('diarrea', 27), ('heces', 7), ('fallo', 6)]"
70,17,cólera,El período de cólera tuvo graves consecuencias para Darío.,2,3,"El martillo es utilizado para golpear directamente o indirectamente​ una pieza, causando su desplazamiento. Su uso más común suele ser para clavar, calzar partes, o romper una pieza. ",3217,"[('enojo', 50), ('ira', 46), ('rabia', 42), ('furia', 40), ('enfado', 28), ('frustración', 16), ('emoción', 15), ('ataque', 3)]"
71,17,cólera,El período de cólera tuvo graves consecuencias para Darío.,2,2,"La pelea estalló en plena calle cuando el automovilista chocó al peatón. Empezaron a gritarse, gesticulando con furia mientras la gente se frenaba a mirarlos. La tensión se palpaba en el aire, hasta que finalmente llegó la mediación de la policía para calmar los ánimos.",2217,"[('enojo', 50), ('ira', 46), ('rabia', 42), ('furia', 40), ('enfado', 28), ('frustración', 16), ('emoción', 15), ('ataque', 3)]"
72,18,buzo,Victoria se descuidó un minuto y no vió cuando el buzo cayó al agua.,1,3,"La antigua tranquera de madera se alzaba imponente en el paisaje rural. Su superficie gastada por el tiempo contaba historias de innumerables entradas y salidas. Cerrada, guardaba celosamente el paso hacia un mundo de verdes prados y promesas de paz.",3118,"[('abrigo', 61), ('prenda', 46), ('ropa', 43), ('canguro', 20), ('sweater', 14), ('capucha', 13), ('campera', 11), ('cardigan', 8)]"
73,18,buzo,Victoria se descuidó un minuto y no vió cuando el buzo cayó al agua.,1,1,Las prendas de abrigo son esenciales en bajas temperaturas. Hay muchas opciones de estilo y material para adaptarse a diferentes actividades y gustos personales.,1118,"[('abrigo', 61), ('prenda', 46), ('ropa', 43), ('canguro', 20), ('sweater', 14), ('capucha', 13), ('campera', 11), ('cardigan', 8)]"
74,18,buzo,Victoria se descuidó un minuto y no vió cuando el buzo cayó al agua.,2,3,"La antigua tranquera de madera se alzaba imponente en el paisaje rural. Su superficie gastada por el tiempo contaba historias de innumerables entradas y salidas. Cerrada, guardaba celosamente el paso hacia un mundo de verdes prados y promesas de paz.",3218,"[('buceo', 69), ('profundidad', 53), ('agua', 34), ('mar', 23), ('oxígeno', 22), ('submarino', 18), ('marino', 7), ('barco', 2)]"
75,18,buzo,Victoria se descuidó un minuto y no vió cuando el buzo cayó al agua.,2,2,"La brisa marina acariciaba su rostro mientras se sumergía en las aguas cristalinas. Descubrió un mundo de colores y vida submarina, una experiencia fascinante que lo dejó maravillado.",2218,"[('buceo', 69), ('profundidad', 53), ('agua', 34), ('mar', 23), ('oxígeno', 22), ('submarino', 18), ('marino', 7), ('barco', 2)]"
76,19,sostén,Era el único sostén que tenía Laura.,1,3,"Los tranvías circulan sobre rieles y por la superficie en áreas urbanas, en las propias calles, a menudo sin separación del resto de la circulación, sin vía ni senda o sector reservado.",3119,"[('lencería', 58), ('sujetador', 56), ('pecho', 36), ('prenda', 33), ('intimo', 32), ('ropa', 25), ('calzon', 0), ('broche', 0)]"
77,19,sostén,Era el único sostén que tenía Laura.,1,1,La ropa interior femenina es una prenda íntima que se usa debajo de la ropa exterior. Suele estar diseñada para ajustarse al cuerpo femenino y proporcionar comodidad y soporte.,1119,"[('lencería', 58), ('sujetador', 56), ('pecho', 36), ('prenda', 33), ('intimo', 32), ('ropa', 25), ('calzon', 0), ('broche', 0)]"
78,19,sostén,Era el único sostén que tenía Laura.,2,3,"Los tranvías circulan sobre rieles y por la superficie en áreas urbanas, en las propias calles, a menudo sin separación del resto de la circulación, sin vía ni senda o sector reservado.",3219,"[('apoyo', 66), ('ayuda', 59), ('familia', 44), ('emociónes', 17), ('psicólogo', 15), ('bienestar', 14), ('felicidad', 4), ('tristeza', 0)]"
79,19,sostén,Era el único sostén que tenía Laura.,2,2,"La presencia de un sistema de apoyo puede ayudar a aliviar el estrés, mejorar la autoestima y aumentar la resiliencia en momentos difíciles. Un ambiente de comprensión también puede fomentar la comunicación y las relaciones saludables.",2219,"[('apoyo', 66), ('ayuda', 59), ('familia', 44), ('emociónes', 17), ('psicólogo', 15), ('bienestar', 14), ('felicidad', 4), ('tristeza', 0)]"
80,20,taco,Lucía supo que todo había terminado cuando el taco tocó el suelo.,1,3,El voltaje​ es una magnitud que cuantifica la diferencia de potencial eléctrico entre dos puntos. Éste es independiente del camino recorrido por la carga y depende exclusivamente del potencial eléctrico de dichos puntos,3120,"[('calzado', 75), ('tacón', 64), ('pie', 40), ('bota', 29), ('altura', 14), ('prenda', 9), ('ropa', 5), ('dolor', 4)]"
81,20,taco,Lucía supo que todo había terminado cuando el taco tocó el suelo.,1,1,"El calzado femenino abarca una amplia variedad de estilos. La elección del calzado puede depender de factores como la ocasión, la comodidad y el estilo personal. La elección del calzado adecuado es importante para la salud del pie y la postura del cuerpo.",1120,"[('calzado', 75), ('tacón', 64), ('pie', 40), ('bota', 29), ('altura', 14), ('prenda', 9), ('ropa', 5), ('dolor', 4)]"
82,20,taco,Lucía supo que todo había terminado cuando el taco tocó el suelo.,2,3,El voltaje​ es una magnitud que cuantifica la diferencia de potencial eléctrico entre dos puntos. Éste es independiente del camino recorrido por la carga y depende exclusivamente del potencial eléctrico de dichos puntos,3220,"[('méxico', 77), ('comida', 75), ('burrito', 43), ('guacamole', 31), ('picante', 26), ('carne', 21), ('pollo', 10), ('verdura', 2)]"
83,20,taco,Lucía supo que todo había terminado cuando el taco tocó el suelo.,2,2,"El guacamole cautiva los sentidos con su explosión de sabores y colores. Su base es de palta, que se mezcla con tomate fresco, cebolla y cilantro. Es un deleite para el paladar, perfecto para acompañar los típicos platos mexicanos.",2220,"[('méxico', 77), ('comida', 75), ('burrito', 43), ('guacamole', 31), ('picante', 26), ('carne', 21), ('pollo', 10), ('verdura', 2)]"
84,21,pluma,"Mientras Héctor la miraba fijamente, la pluma cayó al suelo.",1,3,"Un hijo o una hija es el descendiente directo de una persona. Los hijos pueden ser biológicos o fruto de la adopción. Si hay más de un hijo, se denominan hermanos entre ellos.",3121,"[('tinta', 50), ('lapicera', 49), ('escritura', 45), ('bolígrafo', 45), ('caligrafía', 23), ('firma', 9), ('palabras', 4), ('documentos', 0)]"
85,21,pluma,"Mientras Héctor la miraba fijamente, la pluma cayó al suelo.",1,1,"La madre entró con una sonrisa en el rostro al local, emocionada por preparar a su hijo para el nuevo año escolar. Se tomó su tiempo eligiendo lápices, cuadernos y crayones, imaginando la emoción de su hijo al recibirlos.",1121,"[('tinta', 50), ('lapicera', 49), ('escritura', 45), ('bolígrafo', 45), ('caligrafía', 23), ('firma', 9), ('palabras', 4), ('documentos', 0)]"
86,21,pluma,"Mientras Héctor la miraba fijamente, la pluma cayó al suelo.",2,3,"Un hijo o una hija es el descendiente directo de una persona. Los hijos pueden ser biológicos o fruto de la adopción. Si hay más de un hijo, se denominan hermanos entre ellos.",3221,"[('pájaro', 69), ('ave', 64), ('paloma', 48), ('pelaje', 27), ('ligero', 11), ('piel', 5), ('blanco', 3), ('calor', 1)]"
87,21,pluma,"Mientras Héctor la miraba fijamente, la pluma cayó al suelo.",2,2,"Las aves se caracterizan por tener alas. Son ovíparos, es decir, que ponen huevos para reproducirse. Además, son capaces de realizar vuelos y muchas especies migran grandes distancias en busca de alimento y clima adecuado.",2221,"[('pájaro', 69), ('ave', 64), ('paloma', 48), ('pelaje', 27), ('ligero', 11), ('piel', 5), ('blanco', 3), ('calor', 1)]"
88,23,regla,Clara estaba segura de que su regla no estaba rota.,1,3,Los deltas se forman en la desembocadura de un río en un lago o en el mar a través de los sedimentos que deposita la corriente. Estos están compuestos por un cúmulo de brazos fluviales formados por los sedimentos que transporta el propio río.,3123,"[('recta', 53), ('medición', 39), ('herramienta', 36), ('trazo', 30), ('medida', 30), ('centímetro', 27), ('escuadra', 25), ('dibujo', 15)]"
89,23,regla,Clara estaba segura de que su regla no estaba rota.,1,1,"En una clase de geometría, los útiles escolares son herramientas esenciales para el aprendizaje y práctica de los conceptos geométricos. Estos útiles permiten a los estudiantes medir, dibujar y construir figuras geométricas con precisión.",1123,"[('recta', 53), ('medición', 39), ('herramienta', 36), ('trazo', 30), ('medida', 30), ('centímetro', 27), ('escuadra', 25), ('dibujo', 15)]"
90,23,regla,Clara estaba segura de que su regla no estaba rota.,2,3,Los deltas se forman en la desembocadura de un río en un lago o en el mar a través de los sedimentos que deposita la corriente. Estos están compuestos por un cúmulo de brazos fluviales formados por los sedimentos que transporta el propio río.,3223,"[('norma', 77), ('ley', 54), ('convivencia', 37), ('deber', 30), ('contrato', 24), ('obligación', 22), ('estricto', 5), ('pasos', 0)]"
91,23,regla,Clara estaba segura de que su regla no estaba rota.,2,2,"Las leyes y disposiciones de una jurisdicción son regulaciones que rigen la conducta y actividades dentro de un territorio.  Las leyes pueden establecer las obligaciones de los ciudadanos, así como las consecuencias legales por su incumplimiento. ",2223,"[('norma', 77), ('ley', 54), ('convivencia', 37), ('deber', 30), ('contrato', 24), ('obligación', 22), ('estricto', 5), ('pasos', 0)]"
92,24,goma,La superficie había quedado marcada por la goma elegida.,1,3,"La mesa es un mueble compuesto de un tablero horizontal liso y sostenido a la altura conveniente, generalmente por una o varias patas, para diferentes usos. ​ Puede ser cuadrada, redonda o rectangular etc.",3124,"[('borrado', 69), ('lápiz', 60), ('papel', 38), ('escritura', 27), ('dibujo', 17), ('limpio', 14), ('blanco', 10), ('tinta', 5)]"
93,24,goma,La superficie había quedado marcada por la goma elegida.,1,1,"En el momento en que descubrió su error en sus apuntes intentó corregirlo. Rápidamente tomó su lápiz, borró el error y anotó la corrección al margen. ",1124,"[('borrado', 69), ('lápiz', 60), ('papel', 38), ('escritura', 27), ('dibujo', 17), ('limpio', 14), ('blanco', 10), ('tinta', 5)]"
94,24,goma,La superficie había quedado marcada por la goma elegida.,2,3,"La mesa es un mueble compuesto de un tablero horizontal liso y sostenido a la altura conveniente, generalmente por una o varias patas, para diferentes usos. ​ Puede ser cuadrada, redonda o rectangular etc.",3224,"[('llanta', 79), ('caucho', 60), ('auto', 42), ('coche', 28), ('vehículo', 22), ('taller', 17), ('mecánico', 15), ('camión', 1)]"
95,24,goma,La superficie había quedado marcada por la goma elegida.,2,2,"Las carreras de autos requieren una meticulosa ingeniería en los talleres mecánicos para las paradas técnicas. Los equipos utilizan estrategias precisas y herramientas especializadas para realizar cambios rápidos de neumáticos, reabastecer combustible y hacer ajustes técnicos en los vehículos.",2224,"[('llanta', 79), ('caucho', 60), ('auto', 42), ('coche', 28), ('vehículo', 22), ('taller', 17), ('mecánico', 15), ('camión', 1)]"
96,25,raíz,A pesar de todo no era posible encontrar la raíz que estaban buscando.,1,3,"El perro, de pelaje dorado y ojos vivaces, corría libre por el parque. Su cola se movía con entusiasmo mientras jugaba con una pelota. Alegre y leal, alegraba los corazones de quienes se cruzaban con su mirada amigable y su ladrido contagioso.",3125,"[('matemática', 51), ('cálculo', 38), ('potencia', 24), ('números', 19), ('cuenta', 19), ('división', 10), ('ecuación', 7), ('multiplicación', 6)]"
97,25,raíz,A pesar de todo no era posible encontrar la raíz que estaban buscando.,1,1,"La potenciación es una operación que implica elevar un número a una potencia o exponente. Es una herramienta fundamental utilizada para representar el crecimiento o decrecimiento exponencial, calcular áreas o volúmenes, y resolver ecuaciones algebraicas.",1125,"[('matemática', 51), ('cálculo', 38), ('potencia', 24), ('números', 19), ('cuenta', 19), ('división', 10), ('ecuación', 7), ('multiplicación', 6)]"
98,25,raíz,A pesar de todo no era posible encontrar la raíz que estaban buscando.,2,3,"El perro, de pelaje dorado y ojos vivaces, corría libre por el parque. Su cola se movía con entusiasmo mientras jugaba con una pelota. Alegre y leal, alegraba los corazones de quienes se cruzaban con su mirada amigable y su ladrido contagioso.",3225,"[('plantas', 67), ('árboles', 60), ('naturaleza', 42), ('tallo', 37), ('vegetales', 15), ('clorofila', 10), ('verduras', 4), ('frutas', 2)]"
99,25,raíz,A pesar de todo no era posible encontrar la raíz que estaban buscando.,2,2,"El tallo es la columna vertebral de las plantas. Tiene una corteza protectora y una médula conductora, por la cual se conducen los materiales nutritivos. Es una estructura vital que permite el crecimiento y la fortaleza de las plantas.",2225,"[('plantas', 67), ('árboles', 60), ('naturaleza', 42), ('tallo', 37), ('vegetales', 15), ('clorofila', 10), ('verduras', 4), ('frutas', 2)]"
100,26,cuarto,No estaba conforme con el cuarto que le había tocado.,1,3,"Justo antes de irse a dormir Bautista recordó que necesita un mapa político A3 para la escuela al día siguiente. Con desesperación, buscó en casa, pero no encontró. Al otro día su madre consiguió uno a primera hora.",3126,"[('fracción', 60), ('porción', 57), ('parte', 57), ('cuatro', 14), ('medida', 9), ('número', 4), ('cálculo', 3), ('denominador', 0)]"
101,26,cuarto,No estaba conforme con el cuarto que le había tocado.,1,1,Las fracciones son una forma de representar una cantidad que es una parte de un todo. Consisten en un numerador que representa la cantidad deseada y un denominador que indica el total de partes iguales en el todo. ,1126,"[('fracción', 60), ('porción', 57), ('parte', 57), ('cuatro', 14), ('medida', 9), ('número', 4), ('cálculo', 3), ('denominador', 0)]"
102,26,cuarto,No estaba conforme con el cuarto que le había tocado.,2,3,"Justo antes de irse a dormir Bautista recordó que necesita un mapa político A3 para la escuela al día siguiente. Con desesperación, buscó en casa, pero no encontró. Al otro día su madre consiguió uno a primera hora.",3226,"[('habitación', 73), ('dormitorio', 70), ('pieza', 58), ('espacio', 16), ('cama', 12), ('casa', 5), ('lugar', 3), ('alojamiento', 3)]"
103,26,cuarto,No estaba conforme con el cuarto que le había tocado.,2,2,"Los hoteles son establecimientos que ofrecen alojamiento a viajeros y turistas, brindando servicios de hospedaje, alimentación y entretenimiento. Los hoteles pueden variar en tamaño, ubicación, categoría y precio, desde pequeñas posadas rurales hasta grandes cadenas hoteleras en las principales ciudades del mundo.",2226,"[('habitación', 73), ('dormitorio', 70), ('pieza', 58), ('espacio', 16), ('cama', 12), ('casa', 5), ('lugar', 3), ('alojamiento', 3)]"
104,27,medio,"Esa noche Rodrigo se encontró en el medio, sin saber qué hacer.",1,3,"La familia se reúne en Argentina para celebrar las navidades. La casa está llena de risas, abrazos y aromas deliciosos. Juntos, disfrutan de asados al aire libre, intercambio de regalos y momentos inolvidables alrededor del árbol de Navidad.",3127,"[('porción', 85), ('parte', 78), ('fracción', 74), ('medida', 33), ('cálculo', 6), ('número', 2), ('cuatro', 1), ('denominador', 0)]"
105,27,medio,"Esa noche Rodrigo se encontró en el medio, sin saber qué hacer.",1,1,"Los números racionales son aquellos números que se pueden expresar como el cociente o división de dos números enteros. Incluyen a los números enteros y a las fracciones. Se utilizan de formas muy diversas, como en la representación de cantidades, medidas, y cálculos en la vida cotidiana.",1127,"[('porción', 85), ('parte', 78), ('fracción', 74), ('medida', 33), ('cálculo', 6), ('número', 2), ('cuatro', 1), ('denominador', 0)]"
106,27,medio,"Esa noche Rodrigo se encontró en el medio, sin saber qué hacer.",2,3,"La familia se reúne en Argentina para celebrar las navidades. La casa está llena de risas, abrazos y aromas deliciosos. Juntos, disfrutan de asados al aire libre, intercambio de regalos y momentos inolvidables alrededor del árbol de Navidad.",3227,"[('posición', 69), ('centro', 62), ('lugar', 55), ('simétrico', 17), ('adelante', 12), ('atrás', 1), ('izquierda', 0), ('derecha', 0)]"
107,27,medio,"Esa noche Rodrigo se encontró en el medio, sin saber qué hacer.",2,2,"El ambiente natural se refiere al entorno en su estado original y sin intervención humana significativa. Incluye elementos como el aire, el agua, el suelo, la flora, la fauna y los ecosistemas. Juega un papel fundamental en la vida de las especies, incluyendo a los humanos. ",2227,"[('posición', 69), ('centro', 62), ('lugar', 55), ('simétrico', 17), ('adelante', 12), ('atrás', 1), ('izquierda', 0), ('derecha', 0)]"
108,28,cuenta,Andrea miró su cuenta y no tenía los valores que esperaba.,1,3,"La Patagonia tiene una temperatura templada a frío, que disminuyen notablemente de norte a sur. Siendo así que, en promedio, el sur patagónico presenta hasta 10 °C menos que el norte.",3128,"[('cálculo', 64), ('matemática', 52), ('resultado', 29), ('ecuación', 24), ('número', 22), ('suma', 17), ('resta', 11), ('escuela', 6)]"
109,28,cuenta,Andrea miró su cuenta y no tenía los valores que esperaba.,1,1,"Las ecuaciones son expresiones que establecen una igualdad entre dos términos o expresiones, con una o más incógnitas. Se utilizan para modelar y resolver problemas en diversas áreas de la ciencia y la ingeniería, permitiendo encontrar soluciones numéricas o algebraicas para las incógnitas involucradas.",1128,"[('cálculo', 64), ('matemática', 52), ('resultado', 29), ('ecuación', 24), ('número', 22), ('suma', 17), ('resta', 11), ('escuela', 6)]"
110,28,cuenta,Andrea miró su cuenta y no tenía los valores que esperaba.,2,3,"La Patagonia tiene una temperatura templada a frío, que disminuyen notablemente de norte a sur. Siendo así que, en promedio, el sur patagónico presenta hasta 10 °C menos que el norte.",3228,"[('bancario', 70), ('dinero', 69), ('sueldo', 60), ('ahorro', 22), ('balance', 12), ('valor', 6), ('crédito', 6), ('compras', 1)]"
111,28,cuenta,Andrea miró su cuenta y no tenía los valores que esperaba.,2,2,"Las cajas de ahorros son instituciones financieras que brindan servicios de ahorro y depósito a personas y empresas. Ofrecen opciones para guardar dinero, generar intereses y acceder a servicios bancarios básicos.",2228,"[('bancario', 70), ('dinero', 69), ('sueldo', 60), ('ahorro', 22), ('balance', 12), ('valor', 6), ('crédito', 6), ('compras', 1)]"
112,29,nota,Iván los miró antes de dar la nota que estaban esperando.,1,3,"El curling, hispanizado como curlin, ​ es un deporte de precisión y de equipo, con alguna similitud con los bolos ingleses, bolas criollas y a la petanca, que se practica en una pista de hielo.",3129,"[('música', 63), ('sonido', 47), ('instrumento', 43), ('fa', 28), ('do', 26), ('conservatorio', 9), ('piano', 7), ('guitarra', 5)]"
113,29,nota,Iván los miró antes de dar la nota que estaban esperando.,1,1,"La escritura en pentagrama utiliza símbolos para representar la duración y altura de los sonidos. Estos símbolos se colocan en las líneas y espacios del pentagrama. Es una herramienta fundamental para compositores, arreglistas, e intérpetes.",1129,"[('música', 63), ('sonido', 47), ('instrumento', 43), ('fa', 28), ('do', 26), ('conservatorio', 9), ('piano', 7), ('guitarra', 5)]"
114,29,nota,Iván los miró antes de dar la nota que estaban esperando.,2,3,"El curling, hispanizado como curlin, ​ es un deporte de precisión y de equipo, con alguna similitud con los bolos ingleses, bolas criollas y a la petanca, que se practica en una pista de hielo.",3229,"[('calificación', 63), ('examen', 54), ('calificaciones', 42), ('sobresaliente', 22), ('boletín', 21), ('educación', 15), ('escuela', 8), ('apunte', 0)]"
115,29,nota,Iván los miró antes de dar la nota que estaban esperando.,2,2,"Los resultados de una evaluación brindan información sobre el desempeño, logros o competencias alcanzadas por un individuo o grupo en un área específica. Los resultados pueden reflejar fortalezas, áreas de mejora y orientar futuras acciones.",2229,"[('calificación', 63), ('examen', 54), ('calificaciones', 42), ('sobresaliente', 22), ('boletín', 21), ('educación', 15), ('escuela', 8), ('apunte', 0)]"
116,30,órgano,"Por temor a perderlo, Víctor cuidaba su órgano con mucho esfuerzo.",1,3,"La pesca con mosca es una modalidad de pesca que utiliza una caña y señuelo artificial llamado mosca. La pesca con mosca se practica usualmente en lagos, ríos y en el mar. También es conocida como pesca con cola de rata.",3130,"[('instrumento', 64), ('piano', 48), ('música', 47), ('teclado', 44), ('iglesia', 12), ('canción', 10), ('partitura', 7), ('cuerdas', 5)]"
117,30,órgano,"Por temor a perderlo, Víctor cuidaba su órgano con mucho esfuerzo.",1,1,"Al entrar a la iglesia, los sonidos de los cánticos, las campanas y el eco reverberando en el techo generaron en él una sensación abrumadora. Se sintió inmerso en una atmósfera sagrada.",1130,"[('instrumento', 64), ('piano', 48), ('música', 47), ('teclado', 44), ('iglesia', 12), ('canción', 10), ('partitura', 7), ('cuerdas', 5)]"
118,30,órgano,"Por temor a perderlo, Víctor cuidaba su órgano con mucho esfuerzo.",2,3,"La pesca con mosca es una modalidad de pesca que utiliza una caña y señuelo artificial llamado mosca. La pesca con mosca se practica usualmente en lagos, ríos y en el mar. También es conocida como pesca con cola de rata.",3230,"[('cuerpo', 53), ('cirujano', 40), ('corazón', 39), ('hígado', 38), ('vida', 33), ('humano', 29), ('cerebro', 17), ('víscera', 15)]"
119,30,órgano,"Por temor a perderlo, Víctor cuidaba su órgano con mucho esfuerzo.",2,2,"La anatomía interna de los vertebrados incluye a los sistemas especializados para funciones vitales como la digestión, circulación, respiración y reproducción. Los vertebrados tienen una estructura corporal compleja que se adapta a su entorno y estilo de vida.",2230,"[('cuerpo', 53), ('cirujano', 40), ('corazón', 39), ('hígado', 38), ('vida', 33), ('humano', 29), ('cerebro', 17), ('víscera', 15)]"
120,31,batería,Todo andaba muy bien gracias a la batería nueva que habían comprado.,1,3,"Un río es una corriente de agua que fluye con continuidad por un cauce en la superficie terrestre o bien puede ser subterráneo. Pueden ser tanto naturales como artificiales. Posee un caudal determinado, rara vez es constante a lo largo del año, y desemboca en el mar, en un lago o en otro río, en cuyo caso se denomina afluente.",3131,"[('baterista', 53), ('platillos', 41), ('música', 36), ('tambor', 24), ('ritmo', 20), ('baqueta', 12), ('rock', 10), ('jazz', 2)]"
121,31,batería,Todo andaba muy bien gracias a la batería nueva que habían comprado.,1,1,"El tema resonaba en sus oídos con una base rítmica impecable, cada acorde y compás en perfecta armonía. El ritmo fluía suavemente, creando un sonido cautivador que lo transportó a un momento de placer y deleite auditivo.",1131,"[('baterista', 53), ('platillos', 41), ('música', 36), ('tambor', 24), ('ritmo', 20), ('baqueta', 12), ('rock', 10), ('jazz', 2)]"
122,31,batería,Todo andaba muy bien gracias a la batería nueva que habían comprado.,2,3,"Un río es una corriente de agua que fluye con continuidad por un cauce en la superficie terrestre o bien puede ser subterráneo. Pueden ser tanto naturales como artificiales. Posee un caudal determinado, rara vez es constante a lo largo del año, y desemboca en el mar, en un lago o en otro río, en cuyo caso se denomina afluente.",3231,"[('energía', 83), ('cargador', 67), ('pila', 54), ('electricidad', 38), ('recargable', 29), ('celular', 25), ('corriente', 21), ('laptop', 1)]"
123,31,batería,Todo andaba muy bien gracias a la batería nueva que habían comprado.,2,2,"Los autos del futuro son vehículos sostenibles y eficientes que utilizan tecnología avanzada para su funcionamiento, ofreciendo una alternativa ecológica y silenciosa a los combustibles tradicionales.",2231,"[('energía', 83), ('cargador', 67), ('pila', 54), ('electricidad', 38), ('recargable', 29), ('celular', 25), ('corriente', 21), ('laptop', 1)]"
124,32,izquierda,Luis estaba más a la izquierda de lo que quería.,1,3,"El asado, barbacoa, parrilla o parrillada es una técnica de cocción mediante la cual los alimentos (generalmente cortes de carne) son expuestos al calor de fuego o brasas para que se cocinen lentamente. El calor se transmite gradualmente al alimento, que por lo general está suspendido sobre el fuego o cerca de las brasas. ",3132,"[('ideología', 59), ('política', 54), ('socialismo', 53), ('comunismo', 48), ('revolución', 14), ('cuba', 13), ('igualdad', 9), ('rojo', 5)]"
125,32,izquierda,Luis estaba más a la izquierda de lo que quería.,1,1,"El origen de la democracia moderna se remonta a las antiguas polis griegas. A través del debate y la participación ciudadana, los atenienses sentaron las bases del sistema democrático.",1132,"[('ideología', 59), ('política', 54), ('socialismo', 53), ('comunismo', 48), ('revolución', 14), ('cuba', 13), ('igualdad', 9), ('rojo', 5)]"
126,32,izquierda,Luis estaba más a la izquierda de lo que quería.,2,3,"El asado, barbacoa, parrilla o parrillada es una técnica de cocción mediante la cual los alimentos (generalmente cortes de carne) son expuestos al calor de fuego o brasas para que se cocinen lentamente. El calor se transmite gradualmente al alimento, que por lo general está suspendido sobre el fuego o cerca de las brasas. ",3232,"[('lado', 71), ('posición', 50), ('ubicación', 32), ('derecha', 27), ('orientación', 24), ('indicación', 17), ('direccion', 16), ('lugar', 15)]"
127,32,izquierda,Luis estaba más a la izquierda de lo que quería.,2,2,"El giro de un auto en una intersección, con o sin semáforo, implica un cambio de dirección en la vía. Requiere precaución y obediencia a las señales de tránsito, como semáforos y señales de alto. Factores como la velocidad, visibilidad, tráfico y semáforos en verde o rojo afectan la seguridad y eficiencia del giro en una intersección.",2232,"[('lado', 71), ('posición', 50), ('ubicación', 32), ('derecha', 27), ('orientación', 24), ('indicación', 17), ('direccion', 16), ('lugar', 15)]"
128,33,partido,Recordó el histórico partido del que le hablaba su abuelo.,1,3,"La Ciudad del Vaticano, una ciudad ubicada dentro de Roma, Italia, es la sede central de la Iglesia Católica Romana. Es el hogar del Papa y es un tesoro de la arquitectura y el arte icónicos.",3133,"[('política', 67), ('agrupaciones', 56), ('militancia', 51), ('sociedad', 18), ('congreso', 6), ('presidente', 3), ('diputado', 3), ('economía', 0)]"
129,33,partido,Recordó el histórico partido del que le hablaba su abuelo.,1,1,"Las elecciones se acercaban rápidamente. La ciudadanía estaba ansiosa y la atmósfera era eléctrica. Los candidatos competían ferozmente, haciendo promesas y presentando sus ideas de futuro.",1133,"[('política', 67), ('agrupaciones', 56), ('militancia', 51), ('sociedad', 18), ('congreso', 6), ('presidente', 3), ('diputado', 3), ('economía', 0)]"
130,33,partido,Recordó el histórico partido del que le hablaba su abuelo.,2,3,"La Ciudad del Vaticano, una ciudad ubicada dentro de Roma, Italia, es la sede central de la Iglesia Católica Romana. Es el hogar del Papa y es un tesoro de la arquitectura y el arte icónicos.",3233,"[('deporte', 85), ('juego', 79), ('competencia', 76), ('ganador', 10), ('premio', 4), ('empate', 3), ('triunfo', 2), ('perdedor', 2)]"
131,33,partido,Recordó el histórico partido del que le hablaba su abuelo.,2,2,"El histórico enfrentamiento entre River Plate y Boca Juniors en la final de la Libertadores 2018 en Madrid fue una batalla épica que reunió a miles de fanáticos en un estadio cargado de emoción, culminando en una victoria inolvidable para River en tierras lejanas.",2233,"[('deporte', 85), ('juego', 79), ('competencia', 76), ('ganador', 10), ('premio', 4), ('empate', 3), ('triunfo', 2), ('perdedor', 2)]"
132,34,campaña,"Desde antes de empezarla, esa campaña ya era un fracaso.",1,3,"La Pascua​ de Resurrección es la fiesta central del cristianismo, ​​ en la que se conmemora la resurrección de Jesucristo al tercer día después de haber sido crucificado, de acuerdo con los evangelios canónicos.",3134,"[('política', 56), ('elecciones', 56), ('candidato', 51), ('presidente', 20), ('diputados', 6), ('agrupaciones', 6), ('senadores', 4), ('congreso', 2)]"
133,34,campaña,"Desde antes de empezarla, esa campaña ya era un fracaso.",1,1,"El candidato subió al estrado con seguridad, micrófono en mano. Miró a la multitud expectante y expuso apasionadamente sus ideas para el futuro del país. Sus palabras resonaron en el auditorio, generando aplausos y ovaciones.",1134,"[('política', 56), ('elecciones', 56), ('candidato', 51), ('presidente', 20), ('diputados', 6), ('agrupaciones', 6), ('senadores', 4), ('congreso', 2)]"
134,34,campaña,"Desde antes de empezarla, esa campaña ya era un fracaso.",2,3,"La Pascua​ de Resurrección es la fiesta central del cristianismo, ​​ en la que se conmemora la resurrección de Jesucristo al tercer día después de haber sido crucificado, de acuerdo con los evangelios canónicos.",3234,"[('camping', 62), ('carpa', 49), ('fogón', 37), ('campo', 27), ('fogata', 18), ('campiña', 14), ('llanura', 2), ('pastizal', 1)]"
135,34,campaña,"Desde antes de empezarla, esa campaña ya era un fracaso.",2,2,"En lo alto de la montaña, el campamento se asentaba en un claro rodeado de pinos. Las fogatas iluminaban las caras sonrientes de los aventureros mientras compartían historias junto a la luz de las estrellas. ",2234,"[('camping', 62), ('carpa', 49), ('fogón', 37), ('campo', 27), ('fogata', 18), ('campiña', 14), ('llanura', 2), ('pastizal', 1)]"
136,35,estado,"Para Elsa, el estado era desastroso.",1,3,"Los logaritmos fueron introducidos por John Napier a principios del siglo xvii como una simplificación de los cálculos y fueron prontamente adoptados por científicos, ingenieros, banqueros y otros para realizar operaciones fácil y rápidamente, usando tablas de logaritmos.",3135,"[('gobierno', 58), ('nación', 46), ('país', 40), ('política', 35), ('sociedad', 27), ('congreso', 7), ('senadores', 2), ('economía', 1)]"
137,35,estado,"Para Elsa, el estado era desastroso.",1,1,"A lo largo de la historia, las naciones se forjaron a través de complejos procesos de evolución social y cultural. Las naciones actuales se han moldeado a través de un intrincado tejido de eventos que han dejado una huella indeleble en su formación.",1135,"[('gobierno', 58), ('nación', 46), ('país', 40), ('política', 35), ('sociedad', 27), ('congreso', 7), ('senadores', 2), ('economía', 1)]"
138,35,estado,"Para Elsa, el estado era desastroso.",2,3,"Los logaritmos fueron introducidos por John Napier a principios del siglo xvii como una simplificación de los cálculos y fueron prontamente adoptados por científicos, ingenieros, banqueros y otros para realizar operaciones fácil y rápidamente, usando tablas de logaritmos.",3235,"[('emoción', 59), ('mental', 56), ('locura', 27), ('cansancio', 21), ('éxtasis', 17), ('feliz', 16), ('tristeza', 14), ('calma', 12)]"
139,35,estado,"Para Elsa, el estado era desastroso.",2,2,"Tras un encuentro apasionante, Jaime colapsó exhausto en el césped, respirando agitadamente. Sus piernas temblaban, el sudor empapaba su camiseta y su corazón latía desbocado. La euforia del juego se mezclaba con la fatiga, y una sonrisa de satisfacción se dibujaba en su rostro.",2235,"[('emoción', 59), ('mental', 56), ('locura', 27), ('cansancio', 21), ('éxtasis', 17), ('feliz', 16), ('tristeza', 14), ('calma', 12)]"
140,36,pastor,El pastor caminaba mientras cantaba alegremente.,1,3,"El Fondo Monetario Internacional es una organización financiera internacional con sede en Estados Unidos. Nació en 1944 luego de la Segunda Guerra Mundial, entrando en vigor oficialmente el 27 de diciembre de 1945 con 29 países miembros con el objetivo de reconstruir el sistema monetario internacional. ",3136,"[('religión', 50), ('religioso', 46), ('iglesia', 42), ('sacerdote', 29), ('evangelico', 19), ('jesucristo', 14), ('misa', 9), ('eucaristía', 1)]"
141,36,pastor,El pastor caminaba mientras cantaba alegremente.,1,1,"El líder religioso, vestido con túnicas sagradas, se dirigía a su comunidad con voz serena y persuasiva. Sus seguidores lo escuchaban con admiración, cautivados por sus palabras de sabiduría y esperanza. ",1136,"[('religión', 50), ('religioso', 46), ('iglesia', 42), ('sacerdote', 29), ('evangelico', 19), ('jesucristo', 14), ('misa', 9), ('eucaristía', 1)]"
142,36,pastor,El pastor caminaba mientras cantaba alegremente.,2,3,"El Fondo Monetario Internacional es una organización financiera internacional con sede en Estados Unidos. Nació en 1944 luego de la Segunda Guerra Mundial, entrando en vigor oficialmente el 27 de diciembre de 1945 con 29 países miembros con el objetivo de reconstruir el sistema monetario internacional. ",3236,"[('campo', 63), ('ganado', 56), ('ovejas', 50), ('trabajador', 43), ('agricultura', 17), ('vacas', 9), ('monte', 8), ('fábula', 3)]"
143,36,pastor,El pastor caminaba mientras cantaba alegremente.,2,2,"El dueño de la estancia, con su sombrero de vaquero y botas embarradas, supervisaba a sus animales. Conocía cada rincón de su terreno y cuidaba con dedicación a las crías. El trabajo duro y la pasión por la naturaleza lo hacían feliz y orgulloso de su labor.",2236,"[('campo', 63), ('ganado', 56), ('ovejas', 50), ('trabajador', 43), ('agricultura', 17), ('vacas', 9), ('monte', 8), ('fábula', 3)]"
144,37,oración,Pronunció a viva voz la oración del día.,1,3,"La espinaca es una planta anual, dioica, de la familia de las amarantáceas, cultivada como verdura por sus hojas comestibles, grandes y de color verde muy oscuro. Su cultivo se puede realizar en cualquier época del año y se puede consumir fresca, cocida o frita. ",3137,"[('religión', 44), ('rezo', 43), ('fe', 32), ('plegaria', 31), ('evangelio', 23), ('misa', 16), ('iglesia', 16), ('rosario', 2)]"
145,37,oración,Pronunció a viva voz la oración del día.,1,1,"El cura subió al púlpito con su breviario en mano y comenzó a leer la homilía diaria en la iglesia. Con su voz pausada y cálida, inspiraba a su congregación con sabias palabras de esperanza y fe.",1137,"[('religión', 44), ('rezo', 43), ('fe', 32), ('plegaria', 31), ('evangelio', 23), ('misa', 16), ('iglesia', 16), ('rosario', 2)]"
146,37,oración,Pronunció a viva voz la oración del día.,2,3,"La espinaca es una planta anual, dioica, de la familia de las amarantáceas, cultivada como verdura por sus hojas comestibles, grandes y de color verde muy oscuro. Su cultivo se puede realizar en cualquier época del año y se puede consumir fresca, cocida o frita. ",3237,"[('texto', 68), ('palabras', 57), ('gramática', 53), ('lingüística', 27), ('párrafo', 26), ('lectura', 17), ('leer', 12), ('libro', 4)]"
147,37,oración,Pronunció a viva voz la oración del día.,2,2,"Las estructuras gramaticales son como los cimientos de un edificio. Son la base sólida que sostiene el lenguaje, permitiendo que las palabras y frases se entrelacen en una armonía de significado.",2237,"[('texto', 68), ('palabras', 57), ('gramática', 53), ('lingüística', 27), ('párrafo', 26), ('lectura', 17), ('leer', 12), ('libro', 4)]"
148,38,función,Ya había visto esa función en algún otro lado.,1,3,"El gato se asusta repentinamente y se esconde debajo de la mesa, con los ojos bien abiertos y el corazón latiendo rápido. Busca refugio en la penumbra, esperando que pase el peligro y recuperando su calma poco a poco.",3138,"[('teatro', 75), ('obra', 75), ('actores', 45), ('drama', 22), ('personajes', 10), ('dramaturgo', 5), ('escritor', 2), ('vestuarios', 0)]"
149,38,función,Ya había visto esa función en algún otro lado.,1,1,"La cortina se abrió, pero los actores olvidaron sus líneas, el escenógrafo confundió los decorados y el sonido se cortó. La audiencia murmuró incómoda, los actores se tambaleaban en el escenario, y la escena se convirtió en un caos improvisado. ",1138,"[('teatro', 75), ('obra', 75), ('actores', 45), ('drama', 22), ('personajes', 10), ('dramaturgo', 5), ('escritor', 2), ('vestuarios', 0)]"
150,38,función,Ya había visto esa función en algún otro lado.,2,3,"El gato se asusta repentinamente y se esconde debajo de la mesa, con los ojos bien abiertos y el corazón latiendo rápido. Busca refugio en la penumbra, esperando que pase el peligro y recuperando su calma poco a poco.",3238,"[('matemática', 59), ('ecuación', 50), ('cálculo', 49), ('fórmula', 47), ('número', 12), ('escuela', 9), ('ciencia', 7), ('despeje', 4)]"
151,38,función,Ya había visto esa función en algún otro lado.,2,2,"Guillermo, el chico más aplicado de la clase, resolvía ecuaciones con soltura. Pero, esa mañana, se sentía desafiado por un problema complicado. Con determinación, analizó cada paso y encontró la solución.",2238,"[('matemática', 59), ('ecuación', 50), ('cálculo', 49), ('fórmula', 47), ('número', 12), ('escuela', 9), ('ciencia', 7), ('despeje', 4)]"
152,39,obra,Gabriela le comentó que la obra le pareció muy prolija.,1,3,"El señor no puede contener su alegría al presenciar la graduación de su hijo. Con lágrimas en los ojos y una sonrisa radiante, aplaude emocionado mientras su orgulloso hijo recibe su título universitario.",3139,"[('teatro', 61), ('actores', 42), ('personajes', 20), ('musical', 19), ('drama', 19), ('comedia', 12), ('escritor', 11), ('dramaturgo', 8)]"
153,39,obra,Gabriela le comentó que la obra le pareció muy prolija.,1,1,"Desde los antiguos griegos hasta las modernas producciones de Broadway, la dramaturgia ha evolucionado a lo largo de la historia. Ha sido un escenario para la creatividad, la expresión y la narración de historias.",1139,"[('teatro', 61), ('actores', 42), ('personajes', 20), ('musical', 19), ('drama', 19), ('comedia', 12), ('escritor', 11), ('dramaturgo', 8)]"
154,39,obra,Gabriela le comentó que la obra le pareció muy prolija.,2,3,"El señor no puede contener su alegría al presenciar la graduación de su hijo. Con lágrimas en los ojos y una sonrisa radiante, aplaude emocionado mientras su orgulloso hijo recibe su título universitario.",3239,"[('obrero', 52), ('edificio', 51), ('arquitecto', 47), ('albañil', 44), ('albañilería', 32), ('cemento', 24), ('casa', 20), ('pintura', 6)]"
155,39,obra,Gabriela le comentó que la obra le pareció muy prolija.,2,2,"La construcción de edificios es un proceso complejo que involucra la planificación, diseño, materiales, y la labor de constructores y arquitectos. Desde rascacielos imponentes hasta edificios históricos, la construcción requiere habilidades técnicas, creatividad y trabajo en equipo para crear estructuras funcionales y estéticas que forman parte del paisaje urbano.",2239,"[('obrero', 52), ('edificio', 51), ('arquitecto', 47), ('albañil', 44), ('albañilería', 32), ('cemento', 24), ('casa', 20), ('pintura', 6)]"
156,40,plataforma,En ese acto presentaron una plataforma muy buena.,1,3,"El ibuprofeno es un medicamento ampliamente usado. Se utiliza para el alivio de la fiebre, los dolores de cabeza, dental (odontalgia) y muscular, entre otros. El ibuprofeno fue desarrollado durante los años 60 por un investigador Español.",3140,"[('web', 56), ('digital', 50), ('internet', 43), ('herramienta', 28), ('tecnología', 25), ('computadora', 22), ('streaming', 9), ('videos', 4)]"
157,40,plataforma,En ese acto presentaron una plataforma muy buena.,1,1,"Windows, el sistema operativo líder, ofrece una interfaz intuitiva y versátil. Sus ventanas coloridas abren un mundo digital repleto de posibilidades. Con un clic, se despliegan programas y herramientas, conectando a millones de usuarios en un instante.",1140,"[('web', 56), ('digital', 50), ('internet', 43), ('herramienta', 28), ('tecnología', 25), ('computadora', 22), ('streaming', 9), ('videos', 4)]"
158,40,plataforma,En ese acto presentaron una plataforma muy buena.,2,3,"El ibuprofeno es un medicamento ampliamente usado. Se utiliza para el alivio de la fiebre, los dolores de cabeza, dental (odontalgia) y muscular, entre otros. El ibuprofeno fue desarrollado durante los años 60 por un investigador Español.",3240,"[('política', 67), ('agrupaciones', 47), ('sociedad', 31), ('congreso', 24), ('presidente', 22), ('senadores', 11), ('economía', 11), ('diputados', 9)]"
159,40,plataforma,En ese acto presentaron una plataforma muy buena.,2,2,"Las propuestas de un candidato a la presidencia son un conjunto de ideas y planes que buscan abordar los desafíos y necesidades de la sociedad. Incluyen políticas, programas y acciones propuestas para abordar problemas económicos, sociales, políticos y otros.",2240,"[('política', 67), ('agrupaciones', 47), ('sociedad', 31), ('congreso', 24), ('presidente', 22), ('senadores', 11), ('economía', 11), ('diputados', 9)]"
160,41,viral,"No había otra explicación, era claramente viral.",1,3,El avión Concorde fue un avión supersónico de pasajeros que estuvo en servicio durante 27 años.​ Fue construido a partir de los trabajos conjuntos de un fabricantes británico y uno francés. Permitía conectar París con Nueva York en 3 horas y media. ,3141,"[('social', 40), ('famoso', 36), ('alcance', 36), ('medios', 30), ('conocido', 21), ('instagram', 17), ('facebook', 8), ('noticias', 7)]"
161,41,viral,"No había otra explicación, era claramente viral.",1,1,Cuando Laura grabó un video con su perro y lo compartió con un amigo no se imaginaba que difundiría rápidamente en internet. Al volverse  famosa tuvo que lidiar con la repentina atención de la gente y la invasión de su privacidad.,1141,"[('social', 40), ('famoso', 36), ('alcance', 36), ('medios', 30), ('conocido', 21), ('instagram', 17), ('facebook', 8), ('noticias', 7)]"
162,41,viral,"No había otra explicación, era claramente viral.",2,3,El avión Concorde fue un avión supersónico de pasajeros que estuvo en servicio durante 27 años.​ Fue construido a partir de los trabajos conjuntos de un fabricantes británico y uno francés. Permitía conectar París con Nueva York en 3 horas y media. ,3241,"[('virus', 82), ('enfermedad', 61), ('infección', 53), ('respiratorio', 19), ('médico', 16), ('bacteria', 12), ('hospital', 10), ('daño', 8)]"
163,41,viral,"No había otra explicación, era claramente viral.",2,2,"Las enfermedades contagiosas son aquellas que se transmiten de una persona a otra a través de diferentes vías, como el contacto directo, el aire, el agua o los alimentos. Pueden propagarse rápidamente en comunidades y causar brotes o epidemias.",2241,"[('virus', 82), ('enfermedad', 61), ('infección', 53), ('respiratorio', 19), ('médico', 16), ('bacteria', 12), ('hospital', 10), ('daño', 8)]"
164,42,red,"Diana no lo pudo evitar, la red colapsó a pesar de sus esfuerzos.",1,3,"La niña saborea con entusiasmo los jugosos arándanos que tiene en sus manos. Cada bocado explota con dulzura en su boca, dejando un rastro de sonrisa y un ligero tintineo de satisfacción en su paladar.",3142,"[('internet', 79), ('servidores', 73), ('web', 49), ('conectar', 34), ('social', 25), ('vínculo', 8), ('instagram', 4), ('facebook', 4)]"
165,42,red,"Diana no lo pudo evitar, la red colapsó a pesar de sus esfuerzos.",1,1,"Internet se originó en la década de 1960 como un proyecto de investigación del gobierno de EE. UU. Con el tiempo, se expandió a nivel mundial, transformando la forma en que la humanidad se comunica, comparte información y accede a recursos en línea, revolucionando la sociedad y la economía moderna.",1142,"[('internet', 79), ('servidores', 73), ('web', 49), ('conectar', 34), ('social', 25), ('vínculo', 8), ('instagram', 4), ('facebook', 4)]"
166,42,red,"Diana no lo pudo evitar, la red colapsó a pesar de sus esfuerzos.",2,3,"La niña saborea con entusiasmo los jugosos arándanos que tiene en sus manos. Cada bocado explota con dulzura en su boca, dejando un rastro de sonrisa y un ligero tintineo de satisfacción en su paladar.",3242,"[('pesca', 63), ('atrapar', 43), ('captura', 40), ('pescado', 35), ('pez', 25), ('trampa', 22), ('hilos', 17), ('araña', 1)]"
167,42,red,"Diana no lo pudo evitar, la red colapsó a pesar de sus esfuerzos.",2,2,"El abuelo y su nieto compartieron un especial momento en el muelle, observando juntos el suave balanceo de las olas, contándose historias y observando a la gente sacar peces y cornalitos.",2242,"[('pesca', 63), ('atrapar', 43), ('captura', 40), ('pescado', 35), ('pez', 25), ('trampa', 22), ('hilos', 17), ('araña', 1)]"
168,43,aplicación,La aplicación del producto debía hacerse inmediatamente.,1,3,"Las terrazas son oasis urbanos suspendidos en el aire, donde el bullicio de la ciudad se desvanece. Rodeadas de vegetación exuberante y adornadas con cómodos muebles, ofrecen un refugio sereno para disfrutar del sol, leer un libro o contemplar el horizonte.",3143,"[('celular', 60), ('plataforma', 51), ('internet', 37), ('programa', 34), ('herramienta', 19), ('android', 17), ('conexión', 12), ('iphone', 10)]"
169,43,aplicación,La aplicación del producto debía hacerse inmediatamente.,1,1,"El software descargable para celulares son programas que ofrecen una amplia gama de funcionalidades, desde mensajería, juegos, productividad, entretenimiento y mucho más. Los usuarios pueden descargar e instalar estos programas desde tiendas en línea, lo que permite personalizar y ampliar las capacidades de sus dispositivos según sus necesidades y preferencias.",1143,"[('celular', 60), ('plataforma', 51), ('internet', 37), ('programa', 34), ('herramienta', 19), ('android', 17), ('conexión', 12), ('iphone', 10)]"
170,43,aplicación,La aplicación del producto debía hacerse inmediatamente.,2,3,"Las terrazas son oasis urbanos suspendidos en el aire, donde el bullicio de la ciudad se desvanece. Rodeadas de vegetación exuberante y adornadas con cómodos muebles, ofrecen un refugio sereno para disfrutar del sol, leer un libro o contemplar el horizonte.",3243,"[('medicamento', 46), ('medicina', 37), ('curación', 31), ('inyección', 27), ('crema', 25), ('ungüento', 20), ('pomada', 18), ('farmacia', 15)]"
171,43,aplicación,La aplicación del producto debía hacerse inmediatamente.,2,2,"Sergio fue al médico preocupado por una erupción en su piel. El médico examinó la zona afectada y le recetó una crema tópica. Sergio siguió las instrucciones al pie de la letra y, después de unos días, notó mejoría. Estaba aliviado y agradecido por la efectividad de la crema recetada.",2243,"[('medicamento', 46), ('medicina', 37), ('curación', 31), ('inyección', 27), ('crema', 25), ('ungüento', 20), ('pomada', 18), ('farmacia', 15)]"
172,44,expreso,Se tomó el expreso porque se quedaba dormido.,1,3,"En la Iglesia Católica, la primera comunión es un día especial lleno de emociones y tradiciones. Los niños y niñas visten elegantemente con trajes blancos, rodeados de familia y amigos. La iglesia se llena de risas, canciones y una atmósfera de celebración y fe.",3144,"[('tren', 59), ('transporte', 54), ('rápido', 41), ('vehículo', 25), ('locomotora', 24), ('vagón', 15), ('tiempo', 11), ('maquinista', 5)]"
173,44,expreso,Se tomó el expreso porque se quedaba dormido.,1,1,"Los trenes, inventados en el siglo XIX, revolucionaron la forma en que las personas viajan y mueven mercancías, impulsando el desarrollo económico y la conectividad global. Desde las primeras locomotoras de vapor hasta los modernos trenes de alta velocidad, la historia de los trenes es un testimonio del progreso.",1144,"[('tren', 59), ('transporte', 54), ('rápido', 41), ('vehículo', 25), ('locomotora', 24), ('vagón', 15), ('tiempo', 11), ('maquinista', 5)]"
174,44,expreso,Se tomó el expreso porque se quedaba dormido.,2,3,"En la Iglesia Católica, la primera comunión es un día especial lleno de emociones y tradiciones. Los niños y niñas visten elegantemente con trajes blancos, rodeados de familia y amigos. La iglesia se llena de risas, canciones y una atmósfera de celebración y fe.",3244,"[('café', 78), ('cafeína', 53), ('bebida', 52), ('granos', 22), ('cappuccino', 18), ('energizante', 10), ('descafeinado', 7), ('molino', 6)]"
175,44,expreso,Se tomó el expreso porque se quedaba dormido.,2,2,"El café en Italia tiene una larga y rica historia que se remonta a siglos atrás. Desde los icónicos cafés históricos en ciudades como Roma y Venecia, Italia es conocida por su aprecio por el café de alta calidad. ",2244,"[('café', 78), ('cafeína', 53), ('bebida', 52), ('granos', 22), ('cappuccino', 18), ('energizante', 10), ('descafeinado', 7), ('molino', 6)]"
176,45,móvil,Antes de llegar a su casa el móvil se le apagó y no pudo volver a encenderlo.,1,3,"Divididos cautiva con su energía arrolladora. Las guitarras distorsionadas y la voz inconfundible de Ricardo Mollo crean un torbellino musical, envolviendo al público en una experiencia vibrante e inolvidable.",3145,"[('vehículo', 46), ('auto', 46), ('automóvil', 43), ('coche', 31), ('transporte', 13), ('carro', 11), ('movilizar', 4), ('moto', 1)]"
177,45,móvil,Antes de llegar a su casa el móvil se le apagó y no pudo volver a encenderlo.,1,1,"El auto avanzaba a toda velocidad por la oscura ruta, con los faros iluminando el camino. El conductor sentía la brisa fresca en su rostro mientras las estrellas brillaban en el cielo. La carretera parecía interminable, pero la sensación de libertad y aventura lo llenaba de emoción en esa noche en solitario.",1145,"[('vehículo', 46), ('auto', 46), ('automóvil', 43), ('coche', 31), ('transporte', 13), ('carro', 11), ('movilizar', 4), ('moto', 1)]"
178,45,móvil,Antes de llegar a su casa el móvil se le apagó y no pudo volver a encenderlo.,2,3,"Divididos cautiva con su energía arrolladora. Las guitarras distorsionadas y la voz inconfundible de Ricardo Mollo crean un torbellino musical, envolviendo al público en una experiencia vibrante e inolvidable.",3245,"[('celular', 83), ('teléfono', 73), ('telecomunicaciones', 34), ('iphone', 27), ('audio', 19), ('android', 11), ('samsung', 8), ('internet', 6)]"
179,45,móvil,Antes de llegar a su casa el móvil se le apagó y no pudo volver a encenderlo.,2,2,"Los celulares son dispositivos de comunicación portátiles que se han vuelto indispensables en la vida cotidiana. Con su capacidad para realizar llamadas, enviar mensajes, navegar por internet, tomar fotos y mucho más, los celulares han revolucionado la forma en que nos comunicamos y accedemos a la información en el mundo moderno. ",2245,"[('celular', 83), ('teléfono', 73), ('telecomunicaciones', 34), ('iphone', 27), ('audio', 19), ('android', 11), ('samsung', 8), ('internet', 6)]"
180,46,metro,Axel tomó el metro para poder terminar el trabajo.,1,3,"Los abogados son defensores de la justicia y expertos en leyes. Con trajes impecables y mente afilada, se enfrentan a los desafíos legales con determinación y habilidad, buscando equidad y resolución para sus clientes.",3146,"[('transporte', 54), ('subte', 54), ('subterraneo', 51), ('tren', 34), ('vagón', 20), ('vehículo', 7), ('locomotora', 3), ('maquinista', 2)]"
181,46,metro,Axel tomó el metro para poder terminar el trabajo.,1,1,"Natalia corría hacia la parada de autobús, sabía que llegar tarde a trabajar no era una opción. Con un suspiro de alivio, subió al autobús que se acercaba y se aferró al pasamanos mientras el vehículo se desplazaba velozmente por la ciudad.",1146,"[('transporte', 54), ('subte', 54), ('subterraneo', 51), ('tren', 34), ('vagón', 20), ('vehículo', 7), ('locomotora', 3), ('maquinista', 2)]"
182,46,metro,Axel tomó el metro para poder terminar el trabajo.,2,3,"Los abogados son defensores de la justicia y expertos en leyes. Con trajes impecables y mente afilada, se enfrentan a los desafíos legales con determinación y habilidad, buscando equidad y resolución para sus clientes.",3246,"[('medición', 69), ('medida', 65), ('herramienta', 54), ('tamaño', 38), ('modista', 11), ('carpintero', 11), ('carpintería', 10), ('ropa', 3)]"
183,46,metro,Axel tomó el metro para poder terminar el trabajo.,2,2,"En la ferretería, se encuentran materiales indispensables para medir con precisión, calibradores, niveles, etc. Estos permiten obtener mediciones exactas para proyectos de construcción, carpintería y bricolaje, asegurando un trabajo preciso y profesional.",2246,"[('medición', 69), ('medida', 65), ('herramienta', 54), ('tamaño', 38), ('modista', 11), ('carpintero', 11), ('carpintería', 10), ('ropa', 3)]"
184,47,estación,Esa era la estación que más le gustaba a Juan.,1,3,"El ojo permite la percepción de la luz, convirtiéndola en impulsos electroquímicos que viajan a través de neuronas por el nervio óptico. La célula fotorreceptora más simple de la visión asocia la luz al movimiento.",3147,"[('tren', 43), ('transporte', 43), ('parada', 37), ('subte', 29), ('vehículo', 9), ('vagón', 9), ('subterraneo', 9), ('maquinista', 1)]"
185,47,estación,Esa era la estación que más le gustaba a Juan.,1,1,"Las paradas de tren son lugares icónicos donde convergen la funcionalidad y el diseño arquitectónico. Estas estructuras suelen ser eficientes y accesibles, con diseños modernos y funcionales que brindan comodidad y seguridad a los pasajeros. ",1147,"[('tren', 43), ('transporte', 43), ('parada', 37), ('subte', 29), ('vehículo', 9), ('vagón', 9), ('subterraneo', 9), ('maquinista', 1)]"
186,47,estación,Esa era la estación que más le gustaba a Juan.,2,3,"El ojo permite la percepción de la luz, convirtiéndola en impulsos electroquímicos que viajan a través de neuronas por el nervio óptico. La célula fotorreceptora más simple de la visión asocia la luz al movimiento.",3247,"[('primavera', 56), ('verano', 44), ('época', 43), ('calendario', 38), ('otoño', 28), ('invierno', 25), ('planeta', 18), ('soleado', 9)]"
187,47,estación,Esa era la estación que más le gustaba a Juan.,2,2,"La traslación de la Tierra alrededor del Sol es el principal factor que contribuye a la variación de la temperatura en diferentes regiones del mundo. A medida que la Tierra se mueve en su órbita elíptica la temperatura, la cantidad de luz solar y otros patrones se ven afectados. ",2247,"[('primavera', 56), ('verano', 44), ('época', 43), ('calendario', 38), ('otoño', 28), ('invierno', 25), ('planeta', 18), ('soleado', 9)]"
